{"cameraMode":{"drawMode":0,"name":"Shaded","section":"Shading Mode"},"sceneLighting":false,"audioPlay":false,"sceneViewState":{"showFog":true,"showMaterialUpdate":false,"showSkybox":false,"showFlares":true,"showImageEffects":true,"showParticleSystems":true},"in2DMode":false,"pivot":{"x":0.5894931554794312,"y":0.1793549805879593,"z":0.8928282260894775},"rotation":{"x":-0.28513672947883608,"y":0.06377284973859787,"z":-0.019017348065972329,"w":-0.9561753273010254},"size":1.403511881828308,"orthographic":false}