{"cameraMode":{"drawMode":0,"name":"Shaded","section":"Shading Mode"},"sceneLighting":false,"audioPlay":false,"sceneViewState":{"showFog":true,"showMaterialUpdate":false,"showSkybox":false,"showFlares":true,"showImageEffects":true,"showParticleSystems":true},"in2DMode":false,"pivot":{"x":5.960464477539063e-8,"y":0.9089677333831787,"z":0.0},"rotation":{"x":-0.27663761377334597,"y":0.5767288208007813,"z":-0.21629904210567475,"w":-0.7376136779785156},"size":1.5103482007980347,"orthographic":false}